交易 #,类型,日期/时间,信号,价格 USDT,仓位大小（数量）,仓位大小（价值）,净损益 USDT,净损益 %,最大交易获利 USDT,最大交易获利 %,交易亏损 USDT,交易亏损 %,累计P&L USDT,累计P&L %
1,空头出场,2019-04-30 12:00,平空-止盈,0.09,108695.652,9999.999984,207.5,2.07,321.09,3.21,-5,-0.05,207.5,2.08
1,空头进场,2019-04-30 08:00,开空,0.092,108695.652,9999.999984,207.5,2.07,321.09,3.21,-5,-0.05,207.5,2.08
2,多头出场,2019-05-23 12:00,平多,0.102,94339.622,9999.999932,-387.17,-3.87,1787.45,17.87,-1042.74,-10.42,-179.67,-1.80
2,多头进场,2019-05-15 08:00,开多,0.106,94339.622,9999.999932,-387.17,-3.87,1787.45,17.87,-1042.74,-10.42,-179.67,-1.80
3,多头出场,2019-06-04 08:00,平多,0.125,72992.7,9999.9999,-885.47,-8.85,2038.8,20.38,-1464.85,-14.64,-1065.14,-10.65
3,多头进场,2019-05-24 08:00,开多,0.137,72992.7,9999.9999,-885.47,-8.85,2038.8,20.38,-1464.85,-14.64,-1065.14,-10.65
4,多头出场,2019-06-14 16:00,平多,0.129,73529.411,9999.999896,-524.45,-5.24,803.82,8.03,-960.88,-9.60,-1589.59,-15.90
4,多头进场,2019-06-06 08:00,开多,0.136,73529.411,9999.999896,-524.45,-5.24,803.82,8.03,-960.88,-9.60,-1589.59,-15.90
5,空头出场,2019-06-20 08:00,平空-EMA,0.131,80645.161,9999.999964,-574.8,-5.75,75.65,0.76,-569.52,-5.69,-2164.39,-21.64
5,空头进场,2019-06-18 12:00,开空,0.124,80645.161,9999.999964,-574.8,-5.75,75.65,0.76,-569.52,-5.69,-2164.39,-21.64
6,空头出场,2019-06-22 20:00,平空-EMA,0.13,80000,10000,-410.2,-4.10,155,1.55,-725,-7.25,-2574.59,-25.75
6,空头进场,2019-06-21 16:00,开空,0.125,80000,10000,-410.2,-4.10,155,1.55,-725,-7.25,-2574.59,-25.75
7,多头出场,2019-06-27 00:00,平多,0.126,73529.411,9999.999896,-744.93,-7.45,583.24,5.83,-740.29,-7.40,-3319.52,-33.20
7,多头进场,2019-06-25 12:00,开多,0.136,73529.411,9999.999896,-744.93,-7.45,583.24,5.83,-740.29,-7.40,-3319.52,-33.20
8,空头出场,2019-07-04 08:00,平空-EMA,0.125,81967.213,9999.999986,-256.02,-2.56,1060.57,10.60,-414.84,-4.15,-3575.54,-35.76
8,空头进场,2019-06-27 12:00,开空,0.122,81967.213,9999.999986,-256.02,-2.56,1060.57,10.60,-414.84,-4.15,-3575.54,-35.76
9,空头出场,2019-07-07 12:00,平空-EMA,0.122,86206.896,9999.999936,-527.5,-5.27,253.62,2.53,-608.45,-6.08,-4103.04,-41.03
9,空头进场,2019-07-05 04:00,开空,0.116,86206.896,9999.999936,-527.5,-5.27,253.62,2.53,-608.45,-6.08,-4103.04,-41.03
10,空头出场,2019-07-10 12:00,平空-EMA,0.121,85470.085,9999.999945,-352.05,-3.52,165.94,1.66,-603.29,-6.03,-4455.09,-44.55
10,空头进场,2019-07-08 20:00,开空,0.117,85470.085,9999.999945,-352.05,-3.52,165.94,1.66,-603.29,-6.03,-4455.09,-44.55
11,空头出场,2019-07-18 20:00,平空-EMA,0.118,90090.09,9999.99999,-640.95,-6.41,1796.8,17.96,-815.81,-8.15,-5096.04,-50.96
11,空头进场,2019-07-11 12:00,开空,0.111,90090.09,9999.99999,-640.95,-6.41,1796.8,17.96,-815.81,-8.15,-5096.04,-50.96
12,多头出场,2019-07-24 08:00,平多,0.115,81300.813,9999.999999,-660.08,-6.60,726.71,7.26,-736.71,-7.36,-5756.12,-57.56
12,多头进场,2019-07-21 00:00,开多,0.123,81300.813,9999.999999,-660.08,-6.60,726.71,7.26,-736.71,-7.36,-5756.12,-57.56
13,多头出场,2019-08-06 16:00,平多,0.124,80645.161,9999.999964,-10,-0.10,1365.97,13.65,-488.87,-4.89,-5766.12,-57.66
13,多头进场,2019-07-25 16:00,开多,0.124,80645.161,9999.999964,-10,-0.10,1365.97,13.65,-488.87,-4.89,-5766.12,-57.66
14,空头出场,2019-08-12 08:00,平空-EMA,0.124,84033.613,9999.999947,-430.38,-4.30,667.27,6.67,-509.2,-5.09,-6196.5,-61.96
14,空头进场,2019-08-07 12:00,开空,0.119,84033.613,9999.999947,-430.38,-4.30,667.27,6.67,-509.2,-5.09,-6196.5,-61.96
15,多头出场,2019-08-13 16:00,平多,0.121,78125,10000,-556.6,-5.56,73.13,0.73,-630,-6.30,-6753.1,-67.53
15,多头进场,2019-08-12 12:00,开多,0.128,78125,10000,-556.6,-5.56,73.13,0.73,-630,-6.30,-6753.1,-67.53
16,空头出场,2019-08-19 00:00,平空-EMA,0.119,86206.896,9999.999936,-268.75,-2.69,943.28,9.43,-349.83,-3.50,-7021.85,-70.22
16,空头进场,2019-08-14 16:00,开空,0.116,86206.896,9999.999936,-268.75,-2.69,943.28,9.43,-349.83,-3.50,-7021.85,-70.22
17,多头出场,2019-08-21 16:00,平多,0.119,80000,10000,-489.76,-4.90,155,1.55,-565,-5.65,-7511.61,-75.12
17,多头进场,2019-08-20 04:00,开多,0.125,80000,10000,-489.76,-4.90,155,1.55,-565,-5.65,-7511.61,-75.12
18,多头出场,2019-08-26 20:00,平多,0.122,79365.079,9999.999954,-327.3,-3.27,709.29,7.09,-481.19,-4.81,-7838.91,-78.39
18,多头进场,2019-08-22 20:00,开多,0.126,79365.079,9999.999954,-327.3,-3.27,709.29,7.09,-481.19,-4.81,-7838.91,-78.39
19,多头出场,2019-08-28 20:00,平多,0.123,76335.877,9999.999887,-620.38,-6.20,224.01,2.24,-768.36,-7.68,-8459.29,-84.59
19,多头进场,2019-08-28 00:00,开多,0.131,76335.877,9999.999887,-620.38,-6.20,224.01,2.24,-768.36,-7.68,-8459.29,-84.59
20,空头出场,2019-09-18 20:00,平空-EMA,0.11,91743.119,9999.999971,-101.79,-1.02,728.94,7.29,-738.94,-7.39,-8561.08,-85.61
20,空头进场,2019-08-29 08:00,开空,0.109,91743.119,9999.999971,-101.79,-1.02,728.94,7.29,-738.94,-7.39,-8561.08,-85.61
21,空头出场,2019-09-25 00:00,平空-止盈,0.082,95238.095,9999.999975,2181.57,21.80,2566.43,25.65,-195.48,-1.95,-6379.51,-63.80
21,空头进场,2019-09-22 08:00,开空,0.105,95238.095,9999.999975,2181.57,21.80,2566.43,25.65,-195.48,-1.95,-6379.51,-63.80
22,空头出场,2019-10-15 08:00,平空-EMA,0.091,119047.619,9999.999996,-843.75,-8.43,114.05,1.14,-957.38,-9.57,-7223.26,-72.23
22,空头进场,2019-10-11 12:00,开空,0.084,119047.619,9999.999996,-843.75,-8.43,114.05,1.14,-957.38,-9.57,-7223.26,-72.23
23,多头出场,2019-10-16 00:00,平多,0.088,108695.652,9999.999984,-444.57,-4.44,103.7,1.04,-657.17,-6.57,-7667.83,-76.68
23,多头进场,2019-10-15 12:00,开多,0.092,108695.652,9999.999984,-444.57,-4.44,103.7,1.04,-657.17,-6.57,-7667.83,-76.68
24,空头出场,2019-10-22 04:00,平空-EMA,0.086,119047.619,9999.999996,-248.21,-2.48,352.14,3.52,-362.14,-3.62,-7916.04,-79.16
24,空头进场,2019-10-16 16:00,开空,0.084,119047.619,9999.999996,-248.21,-2.48,352.14,3.52,-362.14,-3.62,-7916.04,-79.16
25,多头出场,2019-11-04 00:00,平多,0.092,111111.111,9999.99999,212.11,2.12,2550.56,25.49,-560.56,-5.60,-7703.93,-77.04
25,多头进场,2019-10-23 04:00,开多,0.09,111111.111,9999.99999,212.11,2.12,2550.56,25.49,-560.56,-5.60,-7703.93,-77.04
26,空头出场,2019-11-15 20:00,平空-EMA,0.091,112359.55,9999.99995,-234.83,-2.35,444.44,4.44,-342.08,-3.42,-7938.76,-79.39
26,空头进场,2019-11-08 16:00,开空,0.089,112359.55,9999.99995,-234.83,-2.35,444.44,4.44,-342.08,-3.42,-7938.76,-79.39
27,空头出场,2019-11-18 12:00,平空-EMA,0.091,113636.363,9999.999944,-351.08,-3.51,0,0.00,-345.91,-3.46,-8289.84,-82.90
27,空头进场,2019-11-18 08:00,开空,0.088,113636.363,9999.999944,-351.08,-3.51,0,0.00,-345.91,-3.46,-8289.84,-82.90
28,多头出场,2019-11-19 00:00,平多,0.089,106382.978,9999.999932,-541.65,-5.41,101.38,1.01,-643.3,-6.43,-8831.49,-88.31
28,多头进场,2019-11-18 16:00,开多,0.094,106382.978,9999.999932,-541.65,-5.41,101.38,1.01,-643.3,-6.43,-8831.49,-88.31
29,多头出场,2019-11-20 16:00,平多,0.091,103092.783,9999.999951,-628.25,-6.28,0,0.00,-726.65,-7.26,-9459.74,-94.60
29,多头进场,2019-11-20 12:00,开多,0.097,103092.783,9999.999951,-628.25,-6.28,0,0.00,-726.65,-7.26,-9459.74,-94.60
30,空头出场,2019-11-24 20:00,平空-止盈,0.069,121951.219,9999.999958,1576.16,15.75,1580.37,15.80,-248.9,-2.49,-7883.58,-78.84
30,空头进场,2019-11-21 16:00,开空,0.082,121951.219,9999.999958,1576.16,15.75,1580.37,15.80,-248.9,-2.49,-7883.58,-78.84
31,多头出场,2019-12-10 20:00,平多,0.074,114942.528,9999.999936,-1503.51,-15.03,224.89,2.25,-1614.2,-16.13,-9387.08,-93.87
31,多头进场,2019-12-08 20:00,开多,0.087,114942.528,9999.999936,-1503.51,-15.03,224.89,2.25,-1614.2,-16.13,-9387.08,-93.87
32,多头出场,2019-12-24 04:00,平多,0.09,116279.069,9999.999934,454.88,4.55,6157.79,61.55,-470.12,-4.70,-8932.2,-89.32
32,多头进场,2019-12-13 00:00,开多,0.086,116279.069,9999.999934,454.88,4.55,6157.79,61.55,-470.12,-4.70,-8932.2,-89.32
33,空头出场,2019-12-29 00:00,平空-EMA,0.092,116279.069,9999.999934,-708.02,-7.08,227.56,2.27,-702.67,-7.02,-9640.22,-96.40
33,空头进场,2019-12-27 12:00,开空,0.086,116279.069,9999.999934,-708.02,-7.08,227.56,2.27,-702.67,-7.02,-9640.22,-96.40
34,空头出场,2019-12-30 16:00,平空-EMA,0.091,116279.069,9999.999934,-591.69,-5.91,111.28,1.11,-702.67,-7.02,-10231.91,-102.32
34,空头进场,2019-12-29 20:00,开空,0.086,116279.069,9999.999934,-591.69,-5.91,111.28,1.11,-702.67,-7.02,-10231.91,-102.32
35,空头出场,2020-01-04 12:00,平空-EMA,0.09,117647.058,9999.99993,-598.53,-5.98,347.94,3.48,-710.88,-7.11,-10830.44,-108.30
35,空头进场,2020-01-02 08:00,开空,0.085,117647.058,9999.99993,-598.53,-5.98,347.94,3.48,-710.88,-7.11,-10830.44,-108.30
36,多头出场,2020-01-10 08:00,平多,0.092,106382.978,9999.999932,-222.66,-2.23,1058.83,10.58,-324.15,-3.24,-11053.1,-110.53
36,多头进场,2020-01-05 04:00,开多,0.094,106382.978,9999.999932,-222.66,-2.23,1058.83,10.58,-324.15,-3.24,-11053.1,-110.53
37,多头出场,2020-01-24 08:00,平多,0.102,102040.816,9999.999968,397.96,3.98,2239.9,22.39,-209.08,-2.09,-10655.14,-106.55
37,多头进场,2020-01-14 00:00,开多,0.098,102040.816,9999.999968,397.96,3.98,2239.9,22.39,-209.08,-2.09,-10655.14,-106.55
38,多头出场,2020-02-17 08:00,平多,0.127,93457.943,9999.999901,1858.22,18.57,7097.8,70.94,-472.29,-4.72,-8796.92,-87.97
38,多头进场,2020-01-28 20:00,开多,0.107,93457.943,9999.999901,1858.22,18.57,7097.8,70.94,-472.29,-4.72,-8796.92,-87.97
39,多头出场,2020-02-20 04:00,平多,0.127,69930.069,9999.999867,-1128.32,-11.28,414.58,4.14,-1613.39,-16.13,-9925.24,-99.25
39,多头进场,2020-02-19 00:00,开多,0.143,69930.069,9999.999867,-1128.32,-11.28,414.58,4.14,-1613.39,-16.13,-9925.24,-99.25
40,多头出场,2020-02-26 08:00,平多,0.125,70921.985,9999.999885,-1144.18,-11.44,633.3,6.33,-1281.6,-12.81,-11069.42,-110.69
40,多头进场,2020-02-23 12:00,开多,0.141,70921.985,9999.999885,-1144.18,-11.44,633.3,6.33,-1281.6,-12.81,-11069.42,-110.69
41,空头出场,2020-03-02 20:00,平空-EMA,0.127,83333.333,9999.99996,-593.62,-5.93,995,9.95,-1255,-12.54,-11663.05,-116.63
41,空头进场,2020-02-26 16:00,开空,0.12,83333.333,9999.99996,-593.62,-5.93,995,9.95,-1255,-12.54,-11663.05,-116.63
42,多头出场,2020-03-08 16:00,平多,0.129,71942.446,9999.999994,-729.06,-7.29,570.54,5.70,-796.37,-7.96,-12392.11,-123.92
42,多头进场,2020-03-05 16:00,开多,0.139,71942.446,9999.999994,-729.06,-7.29,570.54,5.70,-796.37,-7.96,-12392.11,-123.92
43,空头出场,2020-03-12 12:00,平空-止盈,0.077,84745.762,9999.999916,3466.31,34.65,4317.03,43.15,-89.75,-0.90,-8925.8,-89.26
43,空头进场,2020-03-09 00:00,开空,0.118,84745.762,9999.999916,3466.31,34.65,4317.03,43.15,-89.75,-0.90,-8925.8,-89.26
44,多头出场,2020-04-10 20:00,平多,0.078,121951.219,9999.999958,-497.56,-4.97,1092.56,10.92,-614.76,-6.14,-9423.36,-94.23
44,多头进场,2020-04-05 08:00,开多,0.082,121951.219,9999.999958,-497.56,-4.97,1092.56,10.92,-614.76,-6.14,-9423.36,-94.23
45,空头出场,2020-04-16 16:00,平空-EMA,0.079,131578.947,9999.999972,-404.93,-4.05,652.89,6.53,-399.74,-4.00,-9828.29,-98.28
45,空头进场,2020-04-15 20:00,开空,0.076,131578.947,9999.999972,-404.93,-4.05,652.89,6.53,-399.74,-4.00,-9828.29,-98.28
46,多头出场,2020-05-31 12:00,平多,0.271,116279.069,9999.999934,21490.87,214.80,58483.37,584.54,-586.4,-5.86,11662.58,116.63
46,多头进场,2020-04-20 08:00,开多,0.086,116279.069,9999.999934,21490.87,214.80,58483.37,584.54,-586.4,-5.86,11662.58,116.63
47,多头出场,2020-06-07 04:00,平多,0.271,33222.591,9999.999891,-1006.18,-10.06,61.45,0.61,-1034.9,-10.34,10656.4,106.56
47,多头进场,2020-06-05 08:00,开多,0.301,33222.591,9999.999891,-1006.18,-10.06,61.45,0.61,-1034.9,-10.34,10656.4,106.56
48,空头出场,2020-06-12 00:00,平空-止盈,0.209,39062.5,10000,1826.86,18.26,2182.5,21.81,-512.81,-5.13,12483.26,124.83
48,空头进场,2020-06-07 16:00,开空,0.256,39062.5,10000,1826.86,18.26,2182.5,21.81,-512.81,-5.13,12483.26,124.83
49,空头出场,2020-06-23 00:00,平空-EMA,0.242,42553.191,9999.999885,-308.02,-3.08,1058.83,10.58,-345.43,-3.45,12175.23,121.75
49,空头进场,2020-06-14 20:00,开空,0.235,42553.191,9999.999885,-308.02,-3.08,1058.83,10.58,-345.43,-3.45,12175.23,121.75
50,多头出场,2020-06-24 16:00,平多,0.242,39062.5,10000,-556.6,-5.56,307.5,3.07,-669.06,-6.69,11618.63,116.19
50,多头进场,2020-06-24 00:00,开多,0.256,39062.5,10000,-556.6,-5.56,307.5,3.07,-669.06,-6.69,11618.63,116.19
51,空头出场,2020-07-07 00:00,平空-EMA,0.231,43668.122,9999.999938,-97.38,-0.97,1610.72,16.10,-223.34,-2.23,11521.25,115.21
51,空头进场,2020-06-26 12:00,开空,0.229,43668.122,9999.999938,-97.38,-0.97,1610.72,16.10,-223.34,-2.23,11521.25,115.21
52,多头出场,2020-07-14 00:00,平多,0.24,40650.406,9999.999876,-253.78,-2.54,1499.07,14.98,-1143.21,-11.43,11267.47,112.67
52,多头进场,2020-07-07 16:00,开多,0.246,40650.406,9999.999876,-253.78,-2.54,1499.07,14.98,-1143.21,-11.43,11267.47,112.67
53,空头出场,2020-07-18 00:00,平空-EMA,0.244,44642.857,9999.999968,-903.3,-9.03,173.57,1.73,-942.5,-9.42,10364.17,103.64
53,空头进场,2020-07-16 16:00,开空,0.224,44642.857,9999.999968,-903.3,-9.03,173.57,1.73,-942.5,-9.42,10364.17,103.64
54,多头出场,2020-07-27 08:00,平多,0.237,40000,10000,-529.74,-5.29,595,5.95,-565,-5.65,9834.43,98.34
54,多头进场,2020-07-22 16:00,开多,0.25,40000,10000,-529.74,-5.29,595,5.95,-565,-5.65,9834.43,98.34
55,空头出场,2020-07-28 12:00,平空-EMA,0.247,42918.454,9999.999782,-611.16,-6.11,166.67,1.67,-691.7,-6.91,9223.27,92.23
55,空头进场,2020-07-27 20:00,开空,0.233,42918.454,9999.999782,-611.16,-6.11,166.67,1.67,-691.7,-6.91,9223.27,92.23
56,多头出场,2020-09-03 16:00,平多,0.443,38610.038,9999.999842,7090.7,70.87,12736.31,127.30,-506.93,-5.07,16313.97,163.14
56,多头进场,2020-07-29 08:00,开多,0.259,38610.038,9999.999842,7090.7,70.87,12736.31,127.30,-506.93,-5.07,16313.97,163.14
57,空头出场,2020-09-09 20:00,平空-EMA,0.446,24875.621,9999.999642,-1105.07,-11.05,791.02,7.91,-1398.03,-13.97,15208.89,152.09
57,空头进场,2020-09-04 04:00,开空,0.402,24875.621,9999.999642,-1105.07,-11.05,791.02,7.91,-1398.03,-13.97,15208.89,152.09
58,多头出场,2020-10-15 16:00,平多,0.687,20920.502,9999.999956,4360.2,43.58,6710.48,67.07,-883.66,-8.83,19569.09,195.69
58,多头进场,2020-09-10 00:00,开多,0.478,20920.502,9999.999956,4360.2,43.58,6710.48,67.07,-883.66,-8.83,19569.09,195.69
59,空头出场,2020-10-24 16:00,平空-EMA,0.689,15015.015,9999.99999,-355.52,-3.55,1391.4,13.91,-605.6,-6.05,19213.57,192.14
59,空头进场,2020-10-17 00:00,开空,0.666,15015.015,9999.99999,-355.52,-3.55,1391.4,13.91,-605.6,-6.05,19213.57,192.14
60,多头出场,2020-10-26 20:00,平多,0.667,14104.372,9999.999748,-602.09,-6.02,305.3,3.05,-625.59,-6.25,18611.48,186.11
60,多头进场,2020-10-25 00:00,开多,0.709,14104.372,9999.999748,-602.09,-6.02,305.3,3.05,-625.59,-6.25,18611.48,186.11
61,空头出场,2020-11-06 04:00,平空-EMA,0.629,15847.86,9999.99966,21.71,0.22,1231.13,12.31,-147.63,-1.48,18633.2,186.33
61,空头进场,2020-10-28 12:00,开空,0.631,15847.86,9999.99966,21.71,0.22,1231.13,12.31,-147.63,-1.48,18633.2,186.33
62,多头出场,2020-11-08 00:00,平多,0.625,14880.952,9999.999744,-709.06,-7.09,649.76,6.49,-838.33,-8.38,17924.14,179.24
62,多头进场,2020-11-06 16:00,开多,0.672,14880.952,9999.999744,-709.06,-7.09,649.76,6.49,-838.33,-8.38,17924.14,179.24
63,空头出场,2020-11-17 08:00,平空-EMA,0.636,16806.722,9999.99959,-699.42,-6.99,62.23,0.62,-878.95,-8.79,17224.72,172.25
63,空头进场,2020-11-13 00:00,开空,0.595,16806.722,9999.99959,-699.42,-6.99,62.23,0.62,-878.95,-8.79,17224.72,172.25
64,多头出场,2020-11-18 20:00,平多,0.619,15290.519,9999.999426,-544.9,-5.45,377.26,3.77,-677.78,-6.77,16679.82,166.80
64,多头进场,2020-11-18 04:00,开多,0.654,15290.519,9999.999426,-544.9,-5.45,377.26,3.77,-677.78,-6.77,16679.82,166.80
65,多头出场,2020-11-22 16:00,平多,0.632,14534.883,9999.999504,-823.55,-8.23,314.77,3.15,-964.3,-9.64,15856.27,158.56
65,多头进场,2020-11-21 20:00,开多,0.688,14534.883,9999.999504,-823.55,-8.23,314.77,3.15,-964.3,-9.64,15856.27,158.56
66,多头出场,2020-11-26 08:00,平多,0.632,14749.262,9999.999636,-688.13,-6.88,1071.7,10.71,-1022.7,-10.22,15168.15,151.68
66,多头进场,2020-11-23 12:00,开多,0.678,14749.262,9999.999636,-688.13,-6.88,1071.7,10.71,-1022.7,-10.22,15168.15,151.68
67,空头出场,2020-12-01 04:00,平空-EMA,0.643,17094.017,9999.999945,-1001.95,-10.01,131.75,1.32,-1030.64,-10.30,14166.2,141.66
67,空头进场,2020-11-27 16:00,开空,0.585,17094.017,9999.999945,-1001.95,-10.01,131.75,1.32,-1030.64,-10.30,14166.2,141.66
68,多头出场,2020-12-11 08:00,平多,0.668,14471.78,9999.99998,-342.68,-3.43,1529.01,15.28,-583.87,-5.84,13823.51,138.24
68,多头进场,2020-12-04 12:00,开多,0.691,14471.78,9999.99998,-342.68,-3.43,1529.01,15.28,-583.87,-5.84,13823.51,138.24
69,多头出场,2021-01-11 08:00,平多,1.727,13793.103,9999.999675,13803.78,137.97,24615.69,246.03,-129.14,-1.29,27627.29,276.27
69,多头进场,2020-12-13 20:00,开多,0.725,13793.103,9999.999675,13803.78,137.97,24615.69,246.03,-129.14,-1.29,27627.29,276.27
70,多头出场,2021-01-20 16:00,平多,1.881,4852.013,9999.998793,-882.93,-8.82,1057.59,10.57,-1091.85,-10.91,26744.37,267.44
70,多头进场,2021-01-13 20:00,开多,2.061,4852.013,9999.998793,-882.93,-8.82,1057.59,10.57,-1091.85,-10.91,26744.37,267.44
71,空头出场,2021-01-22 20:00,平空-EMA,1.959,5740.528,9999.999776,-1256.32,-12.56,781.45,7.81,-1382.73,-13.82,25488.05,254.88
71,空头进场,2021-01-22 04:00,开空,1.742,5740.528,9999.999776,-1256.32,-12.56,781.45,7.81,-1382.73,-13.82,25488.05,254.88
72,多头出场,2021-01-31 20:00,平多,1.915,4833.252,9999.998388,-753.95,-7.54,1691.47,16.91,-865.32,-8.65,24734.1,247.34
72,多头进场,2021-01-25 16:00,开多,2.069,4833.252,9999.998388,-753.95,-7.54,1691.47,16.91,-865.32,-8.65,24734.1,247.34
73,多头出场,2021-02-23 12:00,平多,2.988,4621.072,9999.999808,3795.86,37.94,8340.66,83.36,-365.44,-3.65,28529.96,285.30
73,多头进场,2021-02-02 08:00,开多,2.164,4621.072,9999.999808,3795.86,37.94,8340.66,83.36,-365.44,-3.65,28529.96,285.30
74,空头出场,2021-03-01 04:00,平空-EMA,3.135,3514.938,9999.99861,-1029.84,-10.29,72.33,0.72,-1249.29,-12.49,27500.12,275.00
74,空头进场,2021-02-28 20:00,开空,2.845,3514.938,9999.99861,-1029.84,-10.29,72.33,0.72,-1249.29,-12.49,27500.12,275.00
75,多头出场,2021-04-18 08:00,平多,10.907,2775.464,9999.996792,20251.85,202.42,34069.37,340.52,-307.53,-3.07,47751.97,477.52
75,多头进场,2021-03-02 12:00,开多,3.603,2775.464,9999.996792,20251.85,202.42,34069.37,340.52,-307.53,-3.07,47751.97,477.52
76,空头出场,2021-04-19 08:00,平空-EMA,12.286,990.982,9999.999362,-2186.29,-21.85,61.4,0.61,-2296.15,-22.95,45565.68,455.66
76,空头进场,2021-04-18 16:00,开空,10.091,990.982,9999.999362,-2186.29,-21.85,61.4,0.61,-2296.15,-22.95,45565.68,455.66
77,空头出场,2021-04-21 00:00,平空-EMA,11.887,972.857,9999.997103,-1575.14,-15.74,408.46,4.08,-1572.27,-15.71,43990.54,439.91
77,空头进场,2021-04-20 08:00,开空,10.279,972.857,9999.997103,-1575.14,-15.74,408.46,4.08,-1572.27,-15.71,43990.54,439.91
78,空头出场,2021-04-27 08:00,平空-EMA,11.065,1009.693,9999.999472,-1182.84,-11.82,2725.21,27.24,-1441.79,-14.41,42807.7,428.08
78,空头进场,2021-04-23 04:00,开空,9.904,1009.693,9999.999472,-1182.84,-11.82,2725.21,27.24,-1441.79,-14.41,42807.7,428.08
79,多头出场,2021-05-04 08:00,平多,10.809,843.881,9999.98985,-888.04,-8.88,308.92,3.09,-1205.84,-12.05,41919.66,419.20
79,多头进场,2021-05-03 20:00,开多,11.85,843.881,9999.98985,-888.04,-8.88,308.92,3.09,-1205.84,-12.05,41919.66,419.20
80,空头出场,2021-05-06 08:00,平空-EMA,11.341,974.184,9999.99876,-1058.75,-10.58,222.96,2.23,-1096.09,-10.96,40860.91,408.61
80,空头进场,2021-05-04 20:00,开空,10.265,974.184,9999.99876,-1058.75,-10.58,222.96,2.23,-1096.09,-10.96,40860.91,408.61
81,多头出场,2021-05-11 00:00,平多,10.593,821.625,9999.997875,-1305.88,-13.05,840.45,8.40,-1457.63,-14.57,39555.04,395.55
81,多头进场,2021-05-07 16:00,开多,12.171,821.625,9999.997875,-1305.88,-13.05,840.45,8.40,-1457.63,-14.57,39555.04,395.55
82,空头出场,2021-06-02 08:00,平空-EMA,7.797,971.817,9999.99693,2413.95,24.13,6253.5,62.50,-1005,-10.04,41968.99,419.69
82,空头进场,2021-05-11 08:00,开空,10.29,971.817,9999.99693,2413.95,24.13,6253.5,62.50,-1005,-10.04,41968.99,419.69
83,多头出场,2021-06-11 08:00,平多,8.473,1139.99,9999.99228,-350.69,-3.51,1938.68,19.38,-865.69,-8.65,41618.31,416.18
83,多头进场,2021-06-03 12:00,开多,8.772,1139.99,9999.99228,-350.69,-3.51,1938.68,19.38,-865.69,-8.65,41618.31,416.18
84,多头出场,2021-06-19 00:00,平多,8.546,1078.515,9999.99108,-792.61,-7.92,891.25,8.91,-834.38,-8.34,40825.69,408.26
84,多头进场,2021-06-14 12:00,开多,9.272,1078.515,9999.99108,-792.61,-7.92,891.25,8.91,-834.38,-8.34,40825.69,408.26
85,空头出场,2021-06-21 04:00,平空-EMA,8.7,1233.654,9999.999324,-743.16,-7.43,64.08,0.64,-871.03,-8.71,40082.54,400.83
85,空头进场,2021-06-20 16:00,开空,8.106,1233.654,9999.999324,-743.16,-7.43,64.08,0.64,-871.03,-8.71,40082.54,400.83
86,空头出场,2021-07-13 00:00,平空-止盈,5.489,1272.588,9999.996504,3006.27,30.05,3326.64,33.25,-116.99,-1.17,43088.81,430.89
86,空头进场,2021-06-21 12:00,开空,7.858,1272.588,9999.996504,3006.27,30.05,3326.64,33.25,-116.99,-1.17,43088.81,430.89
87,多头出场,2021-08-03 20:00,平多,5.636,1783.166,9999.994928,39.9,0.40,2031.38,20.30,-577.4,-5.77,43128.71,431.29
87,多头进场,2021-07-25 04:00,开多,5.608,1783.166,9999.994928,39.9,0.40,2031.38,20.30,-577.4,-5.77,43128.71,431.29
88,多头出场,2021-08-18 16:00,平多,6.713,1679.261,9999.999255,1262.24,12.62,3991.64,39.90,-48.66,-0.49,44390.95,443.91
88,多头进场,2021-08-04 16:00,开多,5.955,1679.261,9999.999255,1262.24,12.62,3991.64,39.90,-48.66,-0.49,44390.95,443.91
89,多头出场,2021-08-25 16:00,平多,6.955,1362.026,9999.994892,-536.84,-5.37,1094.16,10.94,-835.84,-8.35,43854.11,438.54
89,多头进场,2021-08-20 20:00,开多,7.342,1362.026,9999.994892,-536.84,-5.37,1094.16,10.94,-835.84,-8.35,43854.11,438.54
90,空头出场,2021-09-02 00:00,平空-EMA,6.904,1534.212,9999.993816,-602.5,-6.02,314.12,3.14,-873.36,-8.73,43251.61,432.52
90,空头进场,2021-08-27 00:00,开空,6.518,1534.212,9999.993816,-602.5,-6.02,314.12,3.14,-873.36,-8.73,43251.61,432.52
91,多头出场,2021-09-07 20:00,平多,7.04,1373.437,9999.994797,-340.83,-3.41,3381.9,33.80,-1868.75,-18.68,42910.78,429.11
91,多头进场,2021-09-03 20:00,开多,7.281,1373.437,9999.994797,-340.83,-3.41,3381.9,33.80,-1868.75,-18.68,42910.78,429.11
92,空头出场,2021-09-15 12:00,平空-EMA,6.951,1579.279,9999.994628,-988.06,-9.88,993.1,9.93,-1737.47,-17.37,41922.71,419.23
92,空头进场,2021-09-08 12:00,开空,6.332,1579.279,9999.994628,-988.06,-9.88,993.1,9.93,-1737.47,-17.37,41922.71,419.23
93,空头出场,2021-09-20 12:00,平空-止盈,5.581,1576.044,9999.99918,1194.7,11.94,1326.76,13.26,-386.4,-3.86,43117.41,431.17
93,空头进场,2021-09-17 16:00,开空,6.345,1576.044,9999.99918,1194.7,11.94,1326.76,13.26,-386.4,-3.86,43117.41,431.17
94,多头出场,2021-10-12 00:00,平多,6.064,1671.402,9999.998166,125.32,1.25,1713.2,17.12,-471.32,-4.71,43242.73,432.43
94,多头进场,2021-10-02 04:00,开多,5.983,1671.402,9999.998166,125.32,1.25,1713.2,17.12,-471.32,-4.71,43242.73,432.43
95,空头出场,2021-10-14 12:00,平空-EMA,6.121,1739.735,9999.99678,-659.25,-6.59,273.36,2.73,-987.95,-9.87,42583.48,425.83
95,空头进场,2021-10-12 16:00,开空,5.748,1739.735,9999.99678,-659.25,-6.59,273.36,2.73,-987.95,-9.87,42583.48,425.83
96,空头出场,2021-10-20 20:00,平空-EMA,6.134,1712.915,9999.99777,-517.28,-5.17,138.88,1.39,-547.99,-5.48,42066.21,420.66
96,空头进场,2021-10-18 16:00,开空,5.838,1712.915,9999.99777,-517.28,-5.17,138.88,1.39,-547.99,-5.48,42066.21,420.66
97,多头出场,2021-10-27 16:00,平多,6.279,1512.859,9999.99799,-510.51,-5.10,1179.57,11.79,-1396.83,-13.96,41555.7,415.56
97,多头进场,2021-10-22 16:00,开多,6.61,1512.859,9999.99799,-510.51,-5.10,1179.57,11.79,-1396.83,-13.96,41555.7,415.56
98,多头出场,2021-11-11 08:00,平多,7.204,1453.065,9999.99333,457.65,4.57,2476.84,24.76,-760.59,-7.60,42013.36,420.13
98,多头进场,2021-10-29 08:00,开多,6.882,1453.065,9999.99333,457.65,4.57,2476.84,24.76,-760.59,-7.60,42013.36,420.13
99,空头出场,2021-11-21 20:00,平空-EMA,6.967,1436.575,9999.998575,-18.62,-0.19,1619.77,16.19,-105.56,-1.06,41994.73,419.95
99,空头进场,2021-11-15 20:00,开空,6.961,1436.575,9999.998575,-18.62,-0.19,1619.77,16.19,-105.56,-1.06,41994.73,419.95
100,空头出场,2021-11-24 04:00,平空-EMA,6.868,1554.968,9999.999208,-689.86,-6.90,265.56,2.65,-883.56,-8.83,41304.87,413.05
100,空头进场,2021-11-23 00:00,开空,6.431,1554.968,9999.999208,-689.86,-6.90,265.56,2.65,-883.56,-8.83,41304.87,413.05
101,多头出场,2021-11-26 16:00,平多,6.336,1343.544,9999.997992,-1496.56,-14.96,165.63,1.66,-1540.67,-15.40,39808.31,398.08
101,多头进场,2021-11-25 16:00,开多,7.443,1343.544,9999.997992,-1496.56,-14.96,165.63,1.66,-1540.67,-15.40,39808.31,398.08
102,空头出场,2021-12-01 12:00,平空-EMA,6.785,1591.849,9999.995418,-811.1,-8.11,434.35,4.34,-872.56,-8.72,38997.21,389.97
102,空头进场,2021-11-28 08:00,开空,6.282,1591.849,9999.995418,-811.1,-8.11,434.35,4.34,-872.56,-8.72,38997.21,389.97
103,空头出场,2021-12-04 12:00,平空-止盈,4.738,1573.811,9999.995094,2534.55,25.33,4244.29,42.42,-558.98,-5.59,41531.76,415.32
103,空头进场,2021-12-02 08:00,开空,6.354,1573.811,9999.995094,2534.55,25.33,4244.29,42.42,-558.98,-5.59,41531.76,415.32
104,多头出场,2021-12-30 08:00,平多,4.716,2042.483,9999.996768,-377.46,-3.77,2139.61,21.39,-391.03,-3.91,41154.3,411.54
104,多头进场,2021-12-25 08:00,开多,4.896,2042.483,9999.996768,-377.46,-3.77,2139.61,21.39,-391.03,-3.91,41154.3,411.54
105,空头出场,2022-01-05 08:00,平空-EMA,4.978,2157.031,9999.995716,-748.07,-7.48,105.01,1.05,-777.22,-7.77,40406.22,404.06
105,空头进场,2022-01-04 08:00,开空,4.636,2157.031,9999.995716,-748.07,-7.48,105.01,1.05,-777.22,-7.77,40406.22,404.06
106,多头出场,2022-01-06 00:00,平多,4.811,1951.6,9999.9984,-620.55,-6.20,139.42,1.39,-717.33,-7.17,39785.68,397.86
106,多头进场,2022-01-05 20:00,开多,5.124,1951.6,9999.9984,-620.55,-6.20,139.42,1.39,-717.33,-7.17,39785.68,397.86
107,空头出场,2022-01-19 08:00,平空-EMA,4.341,2267.059,9999.997249,148.77,1.49,1656.75,16.56,-88.88,-0.89,39934.45,399.34
107,空头进场,2022-01-06 04:00,开空,4.411,2267.059,9999.997249,148.77,1.49,1656.75,16.56,-88.88,-0.89,39934.45,399.34
108,多头出场,2022-01-21 04:00,平多,4.093,2160.293,9999.996297,-1167.34,-11.67,72.77,0.73,-1199.64,-11.99,38767.11,387.67
108,多头进场,2022-01-20 20:00,开多,4.629,2160.293,9999.996297,-1167.34,-11.67,72.77,0.73,-1199.64,-11.99,38767.11,387.67
109,空头出场,2022-01-22 12:00,平空-止盈,2.824,2527.805,9999.99658,2852.91,28.51,2912.09,29.11,-73.25,-0.73,41620.02,416.20
109,空头进场,2022-01-21 12:00,开空,3.956,2527.805,9999.99658,2852.91,28.51,2912.09,29.11,-73.25,-0.73,41620.02,416.20
110,多头出场,2022-02-09 00:00,平多,3.257,2970.002,9999.996734,-336.54,-3.36,995.89,9.95,-625.73,-6.25,41283.48,412.83
110,多头进场,2022-02-05 08:00,开多,3.367,2970.002,9999.996734,-336.54,-3.36,995.89,9.95,-625.73,-6.25,41283.48,412.83
111,多头出场,2022-02-18 00:00,平多,3.508,2642.706,9999.999504,-739.02,-7.39,1591.19,15.90,-908.81,-9.08,40544.46,405.44
111,多头进场,2022-02-10 16:00,开多,3.784,2642.706,9999.999504,-739.02,-7.39,1591.19,15.90,-908.81,-9.08,40544.46,405.44
112,空头出场,2022-02-22 08:00,平空-止盈,2.621,3031.221,9999.998079,2046.2,20.45,2128.98,21.28,-205.06,-2.05,42590.66,425.91
112,空头进场,2022-02-19 04:00,开空,3.299,3031.221,9999.998079,2046.2,20.45,2128.98,21.28,-205.06,-2.05,42590.66,425.91
113,多头出场,2022-03-03 20:00,平多,3.049,2976.19,9999.9984,-935.13,-9.35,292.62,2.92,-975.24,-9.75,41655.52,416.56
113,多头进场,2022-03-01 04:00,开多,3.36,2976.19,9999.9984,-935.13,-9.35,292.62,2.92,-975.24,-9.75,41655.52,416.56
114,空头出场,2022-03-09 08:00,平空-EMA,3.004,3513.703,9999.998738,-565.44,-5.65,866.4,8.66,-690.17,-6.90,41090.08,410.90
114,空头进场,2022-03-05 00:00,开空,2.846,3513.703,9999.998738,-565.44,-5.65,866.4,8.66,-690.17,-6.90,41090.08,410.90
115,空头出场,2022-03-17 04:00,平空-EMA,2.902,3601.008,9999.999216,-460.35,-4.60,531.55,5.31,-469.53,-4.69,40629.73,406.30
115,空头进场,2022-03-12 00:00,开空,2.777,3601.008,9999.999216,-460.35,-4.60,531.55,5.31,-469.53,-4.69,40629.73,406.30
116,多头出场,2022-03-20 20:00,平多,2.869,3315.649,9999.997384,-497.16,-4.97,207.2,2.07,-518.93,-5.19,40132.57,401.33
116,多头进场,2022-03-19 20:00,开多,3.016,3315.649,9999.997384,-497.16,-4.97,207.2,2.07,-518.93,-5.19,40132.57,401.33
117,多头出场,2022-04-06 16:00,平多,3.575,3238.341,9999.997008,1566.28,15.66,4211.32,42.09,-192.82,-1.93,41698.86,416.99
117,多头进场,2022-03-22 16:00,开多,3.088,3238.341,9999.997008,1566.28,15.66,4211.32,42.09,-192.82,-1.93,41698.86,416.99
118,空头出场,2022-04-18 04:00,平空-止盈,2.87,3039.513,9999.99777,1267.23,12.67,1320.23,13.20,-941.17,-9.41,42966.09,429.66
118,空头进场,2022-04-07 04:00,开空,3.29,3039.513,9999.99777,1267.23,12.67,1320.23,13.20,-941.17,-9.41,42966.09,429.66
119,多头出场,2022-04-22 08:00,平多,3.237,2878.526,9999.999324,-691.87,-6.92,89.99,0.90,-868.56,-8.68,42274.22,422.74
119,多头进场,2022-04-21 16:00,开多,3.474,2878.526,9999.999324,-691.87,-6.92,89.99,0.90,-868.56,-8.68,42274.22,422.74
120,多头出场,2022-04-22 20:00,平多,3.138,2886.836,9999.999904,-950.64,-9.50,98.93,0.99,-995.18,-9.95,41323.58,413.24
120,多头进场,2022-04-22 12:00,开多,3.464,2886.836,9999.999904,-950.64,-9.50,98.93,0.99,-995.18,-9.95,41323.58,413.24
121,空头出场,2022-04-30 00:00,平空-止盈,2.511,3262.642,9999.99773,1798.41,17.98,1929.75,19.29,-181.18,-1.81,43121.99,431.22
121,空头进场,2022-04-24 20:00,开空,3.065,3262.642,9999.99773,1798.41,17.98,1929.75,19.29,-181.18,-1.81,43121.99,431.22
122,空头出场,2022-06-08 12:00,平空-EMA,1.37,8190.008,9999.999768,-1230.92,-12.30,232.51,2.32,-1389.11,-13.88,41891.07,418.91
122,空头进场,2022-06-07 08:00,开空,1.221,8190.008,9999.999768,-1230.92,-12.30,232.51,2.32,-1389.11,-13.88,41891.07,418.91
123,多头出场,2022-06-11 00:00,平多,1.301,6939.625,9999.999625,-981.06,-9.81,300.34,3.00,-1094.52,-10.94,40910.01,409.10
123,多头进场,2022-06-09 20:00,开多,1.441,6939.625,9999.999625,-981.06,-9.81,300.34,3.00,-1094.52,-10.94,40910.01,409.10
124,空头出场,2022-06-16 04:00,平空-EMA,1.342,8291.873,9999.998838,-1138.26,-11.38,2067.97,20.67,-1447.79,-14.47,39771.75,397.72
124,空头进场,2022-06-11 20:00,开空,1.206,8291.873,9999.998838,-1138.26,-11.38,2067.97,20.67,-1447.79,-14.47,39771.75,397.72
125,空头出场,2022-06-20 08:00,平空-EMA,1.256,9208.103,9999.999858,-1576.16,-15.75,271.24,2.71,-1690.08,-16.89,38195.59,381.96
125,空头进场,2022-06-19 00:00,开空,1.086,9208.103,9999.999858,-1576.16,-15.75,271.24,2.71,-1690.08,-16.89,38195.59,381.96
126,多头出场,2022-06-22 08:00,平多,1.227,7358.351,9999.999009,-980.82,-9.80,127.45,1.27,-1064.6,-10.64,37214.77,372.15
126,多头进场,2022-06-21 20:00,开多,1.359,7358.351,9999.999009,-980.82,-9.80,127.45,1.27,-1064.6,-10.64,37214.77,372.15
127,多头出场,2022-06-29 00:00,平多,1.279,7418.397,9999.999156,-521.61,-5.21,1493.52,14.93,-657.82,-6.57,36693.16,366.93
127,多头进场,2022-06-24 08:00,开多,1.348,7418.397,9999.999156,-521.61,-5.21,1493.52,14.93,-657.82,-6.57,36693.16,366.93
128,空头出场,2022-07-05 04:00,平空-EMA,1.252,8298.755,9999.999775,-400.24,-4.00,799.98,8.00,-419.94,-4.20,36292.92,362.93
128,空头进场,2022-06-30 08:00,开空,1.205,8298.755,9999.999775,-400.24,-4.00,799.98,8.00,-419.94,-4.20,36292.92,362.93
129,空头出场,2022-07-17 12:00,平空-EMA,1.202,8333.333,9999.9996,-26.67,-0.27,1203.33,12.03,-138.33,-1.38,36266.25,362.66
129,空头进场,2022-07-10 20:00,开空,1.2,8333.333,9999.9996,-26.67,-0.27,1203.33,12.03,-138.33,-1.38,36266.25,362.66
130,多头出场,2022-07-21 08:00,平多,1.205,7936.507,9999.99882,-446.29,-4.46,828.33,8.28,-560.56,-5.60,35819.96,358.20
130,多头进场,2022-07-18 12:00,开多,1.26,7936.507,9999.99882,-446.29,-4.46,828.33,8.28,-560.56,-5.60,35819.96,358.20
131,多头出场,2022-07-23 00:00,平多,1.218,7656.967,9999.998902,-683.48,-6.83,25.63,0.26,-717.1,-7.17,35136.48,351.36
131,多头进场,2022-07-22 16:00,开多,1.306,7656.967,9999.998902,-683.48,-6.83,25.63,0.26,-717.1,-7.17,35136.48,351.36
132,多头出场,2022-07-25 08:00,平多,1.226,7530.12,9999.99936,-777.69,-7.77,115.48,1.15,-818.25,-8.18,34358.79,343.59
132,多头进场,2022-07-24 12:00,开多,1.328,7530.12,9999.99936,-777.69,-7.77,115.48,1.15,-818.25,-8.18,34358.79,343.59
133,空头出场,2022-07-28 00:00,平空-EMA,1.244,8613.264,9999.999504,-725.26,-7.25,184.49,1.84,-831.87,-8.31,33633.54,336.34
133,空头进场,2022-07-26 04:00,开空,1.161,8613.264,9999.999504,-725.26,-7.25,184.49,1.84,-831.87,-8.31,33633.54,336.34
134,多头出场,2022-08-15 12:00,平多,1.488,7745.933,9999.999503,1515.19,15.14,3279.28,32.78,-353.57,-3.53,35148.72,351.49
134,多头进场,2022-07-28 16:00,开多,1.291,7745.933,9999.999503,1515.19,15.14,3279.28,32.78,-353.57,-3.53,35148.72,351.49
135,空头出场,2022-08-19 12:00,平空-止盈,1.225,7153.075,9999.99885,1228.1,12.27,1404.16,14.03,-219.59,-2.19,36376.82,363.77
135,空头进场,2022-08-17 20:00,开空,1.398,7153.075,9999.99885,1228.1,12.27,1404.16,14.03,-219.59,-2.19,36376.82,363.77
136,空头出场,2022-09-23 08:00,平空-EMA,1.14,9000.9,9999.9999,-271.16,-2.71,922.09,9.22,-437.04,-4.37,36105.66,361.06
136,空头进场,2022-09-13 20:00,开空,1.111,9000.9,9999.9999,-271.16,-2.71,922.09,9.22,-437.04,-4.37,36105.66,361.06
137,空头出场,2022-09-27 08:00,平空-EMA,1.126,9345.794,9999.99958,-533.63,-5.33,163.22,1.63,-584.44,-5.84,35572.04,355.72
137,空头进场,2022-09-26 08:00,开空,1.07,9345.794,9999.99958,-533.63,-5.33,163.22,1.63,-584.44,-5.84,35572.04,355.72
138,空头出场,2022-10-06 08:00,平空-EMA,1.1,9319.664,9999.999472,-261.76,-2.62,507.58,5.07,-321.87,-3.22,35310.28,353.10
138,空头进场,2022-10-01 12:00,开空,1.073,9319.664,9999.999472,-261.76,-2.62,507.58,5.07,-321.87,-3.22,35310.28,353.10
139,空头出场,2022-10-13 12:00,平空-止盈,0.959,9451.795,9999.99911,926.2,9.26,1100.86,11.00,-137.33,-1.37,36236.48,362.36
139,空头进场,2022-10-07 20:00,开空,1.058,9451.795,9999.99911,926.2,9.26,1100.86,11.00,-137.33,-1.37,36236.48,362.36
140,多头出场,2022-11-08 08:00,平多,1.151,9442.87,9999.99933,858.31,8.58,2620.12,26.19,-71.1,-0.71,37094.79,370.95
140,多头进场,2022-10-25 08:00,开多,1.059,9442.87,9999.99933,858.31,8.58,2620.12,26.19,-71.1,-0.71,37094.79,370.95
141,空头出场,2022-11-14 04:00,平空-止盈,0.874,9832.841,9999.999297,1396.8,13.96,1627.25,16.26,-309.82,-3.10,38491.59,384.92
141,空头进场,2022-11-09 00:00,开空,1.017,9832.841,9999.999297,1396.8,13.96,1627.25,16.26,-309.82,-3.10,38491.59,384.92
142,空头出场,2022-12-12 08:00,平空-止盈,0.819,11049.723,9999.999315,940.75,9.40,1111.02,11.10,-60.25,-0.60,39432.34,394.32
142,空头进场,2022-12-03 20:00,开空,0.905,11049.723,9999.999315,940.75,9.40,1111.02,11.10,-60.25,-0.60,39432.34,394.32
143,多头出场,2023-02-01 20:00,平多,0.987,12594.458,9999.999652,2419.52,24.18,5007.59,50.05,-181.32,-1.81,41851.85,418.52
143,多头进场,2023-01-09 04:00,开多,0.794,12594.458,9999.999652,2419.52,24.18,5007.59,50.05,-181.32,-1.81,41851.85,418.52
144,多头出场,2023-02-10 04:00,平多,1.046,9216.589,9999.999065,-369.27,-3.69,1137.86,11.37,-650.16,-6.50,41482.59,414.83
144,多头进场,2023-02-02 04:00,开多,1.085,9216.589,9999.999065,-369.27,-3.69,1137.86,11.37,-650.16,-6.50,41482.59,414.83
145,多头出场,2023-02-28 12:00,平多,1.152,8771.929,9999.99906,95.21,0.95,1416.05,14.15,-162.89,-1.63,41577.8,415.78
145,多头进场,2023-02-16 00:00,开多,1.14,8771.929,9999.99906,95.21,0.95,1416.05,14.15,-162.89,-1.63,41577.8,415.78
146,空头出场,2023-03-06 00:00,平空-止盈,1.01,9416.195,9999.99909,479.89,4.80,625.89,6.26,-155.66,-1.56,42057.68,420.58
146,空头进场,2023-03-03 08:00,开空,1.062,9416.195,9999.99909,479.89,4.80,625.89,6.26,-155.66,-1.56,42057.68,420.58
147,多头出场,2023-03-15 20:00,平多,1.008,9165.902,9999.999082,-770.39,-7.70,95.82,0.96,-820.77,-8.20,41287.29,412.87
147,多头进场,2023-03-14 20:00,开多,1.091,9165.902,9999.999082,-770.39,-7.70,95.82,0.96,-820.77,-8.20,41287.29,412.87
148,多头出场,2023-03-19 04:00,平多,1.038,9199.632,9999.999984,-460.56,-4.60,96.2,0.96,-556.98,-5.57,40826.74,408.27
148,多头进场,2023-03-18 04:00,开多,1.087,9199.632,9999.999984,-460.56,-4.60,96.2,0.96,-556.98,-5.57,40826.74,408.27
149,空头出场,2023-03-21 20:00,平空-EMA,1.043,10090.817,9999.999647,-534.98,-5.35,85.82,0.86,-620.54,-6.20,40291.75,402.92
149,空头进场,2023-03-21 12:00,开空,0.991,10090.817,9999.999647,-534.98,-5.35,85.82,0.86,-620.54,-6.20,40291.75,402.92
150,空头出场,2023-03-23 20:00,平空-EMA,1.046,10330.578,9999.999504,-816.19,-8.16,56.98,0.57,-852.11,-8.52,39475.56,394.76
150,空头进场,2023-03-23 00:00,开空,0.968,10330.578,9999.999504,-816.19,-8.16,56.98,0.57,-852.11,-8.52,39475.56,394.76
151,空头出场,2023-03-29 16:00,平空-EMA,1.036,10131.712,9999.999744,-506.7,-5.06,481.32,4.81,-521.72,-5.21,38968.86,389.69
151,空头进场,2023-03-26 00:00,开空,0.987,10131.712,9999.999744,-506.7,-5.06,481.32,4.81,-521.72,-5.21,38968.86,389.69
152,多头出场,2023-04-09 12:00,平多,1.04,9442.87,9999.99933,-189.32,-1.89,684.33,6.84,-420.49,-4.20,38779.54,387.80
152,多头进场,2023-04-01 08:00,开多,1.059,9442.87,9999.99933,-189.32,-1.89,684.33,6.84,-420.49,-4.20,38779.54,387.80
153,多头出场,2023-04-12 08:00,平多,1.028,9208.103,9999.999858,-543.8,-5.44,31.83,0.32,-621.94,-6.22,38235.73,382.36
153,多头进场,2023-04-11 04:00,开多,1.086,9208.103,9999.999858,-543.8,-5.44,31.83,0.32,-621.94,-6.22,38235.73,382.36
154,多头出场,2023-04-20 12:00,平多,1.085,9233.61,9999.99963,8.46,0.08,1472.38,14.72,-309.71,-3.10,38244.19,382.44
154,多头进场,2023-04-14 04:00,开多,1.083,9233.61,9999.99963,8.46,0.08,1472.38,14.72,-309.71,-3.10,38244.19,382.44
155,空头出场,2023-04-26 20:00,平空-EMA,1.061,9680.542,9999.999886,-281.19,-2.81,614.55,6.14,-305.1,-3.05,37963,379.63
155,空头进场,2023-04-21 00:00,开空,1.033,9680.542,9999.999886,-281.19,-2.81,614.55,6.14,-305.1,-3.05,37963,379.63
156,空头出场,2023-05-08 08:00,平空-止盈,0.91,10131.712,9999.999744,770.53,7.70,1028.43,10.28,-471.06,-4.71,38733.53,387.34
156,空头进场,2023-04-27 00:00,开空,0.987,10131.712,9999.999744,770.53,7.70,1028.43,10.28,-471.06,-4.71,38733.53,387.34
157,多头出场,2023-06-28 12:00,平多,0.712,13605.442,9999.99987,-322.77,-3.23,1967.79,19.67,-453.98,-4.54,38410.77,384.11
157,多头进场,2023-06-22 08:00,开多,0.735,13605.442,9999.99987,-322.77,-3.23,1967.79,19.67,-453.98,-4.54,38410.77,384.11
158,多头出场,2023-07-05 20:00,平多,0.731,13071.895,9999.999675,-454.22,-4.54,347.94,3.48,-501.73,-5.01,37956.54,379.57
158,多头进场,2023-07-02 04:00,开多,0.765,13071.895,9999.999675,-454.22,-4.54,347.94,3.48,-501.73,-5.01,37956.54,379.57
159,空头出场,2023-07-10 20:00,平空-EMA,0.732,14124.293,9999.999444,-349.15,-3.49,178.62,1.79,-343.98,-3.44,37607.39,376.07
159,空头进场,2023-07-10 08:00,开空,0.708,14124.293,9999.999444,-349.15,-3.49,178.62,1.79,-343.98,-3.44,37607.39,376.07
160,多头出场,2023-07-18 16:00,平多,0.758,13210.039,9999.999523,3.2,0.03,1197.11,11.97,-137.1,-1.37,37610.59,376.11
160,多头进场,2023-07-12 08:00,开多,0.757,13210.039,9999.999523,3.2,0.03,1197.11,11.97,-137.1,-1.37,37610.59,376.11
161,多头出场,2023-07-28 04:00,平多,0.783,12500,10000,-222.39,-2.22,745,7.45,-367.5,-3.67,37388.2,373.88
161,多头进场,2023-07-20 16:00,开多,0.8,12500,10000,-222.39,-2.22,745,7.45,-367.5,-3.67,37388.2,373.88
162,多头出场,2023-07-31 00:00,平多,0.788,12285.012,9999.999768,-329.25,-3.29,154.71,1.55,-361.27,-3.61,37058.95,370.59
162,多头进场,2023-07-30 00:00,开多,0.814,12285.012,9999.999768,-329.25,-3.29,154.71,1.55,-361.27,-3.61,37058.95,370.59
163,空头出场,2023-08-07 04:00,平空-止盈,0.723,13071.895,9999.999675,539.29,5.39,583.24,5.83,-240.29,-2.40,37598.24,375.98
163,空头进场,2023-08-01 08:00,开空,0.765,13071.895,9999.999675,539.29,5.39,583.24,5.83,-240.29,-2.40,37598.24,375.98
164,空头出场,2023-09-16 12:00,平空-EMA,0.622,16233.766,9999.999856,-107.45,-1.07,660.58,6.60,-183.57,-1.83,37490.79,374.91
164,空头进场,2023-09-10 08:00,开空,0.616,16233.766,9999.999856,-107.45,-1.07,660.58,6.60,-183.57,-1.83,37490.79,374.91
165,空头出场,2023-09-23 08:00,平空-EMA,0.646,16694.49,9999.99951,-795.03,-7.95,328.89,3.29,-1641.06,-16.40,36695.76,366.96
165,空头进场,2023-09-18 00:00,开空,0.599,16694.49,9999.99951,-795.03,-7.95,328.89,3.29,-1641.06,-16.40,36695.76,366.96
166,多头出场,2023-10-03 04:00,平多,0.628,15649.452,9999.999828,-182.06,-1.82,605.33,6.05,-411.89,-4.12,36513.7,365.14
166,多头进场,2023-09-23 12:00,开多,0.639,15649.452,9999.999828,-182.06,-1.82,605.33,6.05,-411.89,-4.12,36513.7,365.14
167,空头出场,2023-10-17 04:00,平空-EMA,0.608,16286.644,9999.999416,87.77,0.88,630.18,6.30,-86.43,-0.86,36601.47,366.01
167,空头进场,2023-10-08 12:00,开空,0.614,16286.644,9999.999416,87.77,0.88,630.18,6.30,-86.43,-0.86,36601.47,366.01
168,空头出场,2023-10-21 20:00,平空-EMA,0.607,16920.473,9999.999543,-280.86,-2.81,485.69,4.85,-292.65,-2.93,36320.61,363.21
168,空头进场,2023-10-18 20:00,开空,0.591,16920.473,9999.999543,-280.86,-2.81,485.69,4.85,-292.65,-2.93,36320.61,363.21
169,多头出场,2023-11-22 04:00,平多,0.859,16155.088,9999.999472,3865.28,38.63,9219.56,92.15,-134.24,-1.34,40185.89,401.86
169,多头进场,2023-10-23 04:00,开多,0.619,16155.088,9999.999472,3865.28,38.63,9219.56,92.15,-134.24,-1.34,40185.89,401.86
170,多头出场,2023-11-28 12:00,平多,0.922,10649.627,9999.999753,-190.95,-1.91,1145.16,11.45,-271.24,-2.71,39994.93,399.95
170,多头进场,2023-11-23 00:00,开多,0.939,10649.627,9999.999753,-190.95,-1.91,1145.16,11.45,-271.24,-2.71,39994.93,399.95
171,多头出场,2023-12-13 08:00,平多,1.018,10288.065,9999.99918,463.01,4.63,2412.7,24.11,-282.78,-2.83,40457.95,404.58
171,多头进场,2023-11-29 08:00,开多,0.972,10288.065,9999.99918,463.01,4.63,2412.7,24.11,-282.78,-2.83,40457.95,404.58
172,多头出场,2023-12-16 04:00,平多,1.041,8992.805,9999.99916,-648.17,-6.48,318.74,3.19,-661.47,-6.61,39809.78,398.10
172,多头进场,2023-12-14 04:00,开多,1.112,8992.805,9999.99916,-648.17,-6.48,318.74,3.19,-661.47,-6.61,39809.78,398.10
173,空头出场,2023-12-20 16:00,平空-EMA,1.049,10000,10000,-500.24,-5.00,525,5.25,-665,-6.65,39309.54,393.10
173,空头进场,2023-12-18 12:00,开空,1,10000,10000,-500.24,-5.00,525,5.25,-665,-6.65,39309.54,393.10
174,多头出场,2024-01-03 20:00,平多,1.227,8952.551,9999.999467,974.29,9.74,2976.2,29.75,-685.39,-6.85,40283.82,402.84
174,多头进场,2023-12-21 12:00,开多,1.117,8952.551,9999.999467,974.29,9.74,2976.2,29.75,-685.39,-6.85,40283.82,402.84
175,空头出场,2024-01-11 16:00,平空-EMA,1.155,8960.573,9999.999468,-359.64,-3.59,1240.52,12.40,-381.34,-3.81,39924.19,399.24
175,空头进场,2024-01-05 20:00,开空,1.116,8960.573,9999.999468,-359.64,-3.59,1240.52,12.40,-381.34,-3.81,39924.19,399.24
176,空头出场,2024-01-23 00:00,平空-止盈,0.949,9407.337,9999.999231,1062.97,10.62,1246.18,12.46,-230.78,-2.31,40987.16,409.87
176,空头进场,2024-01-13 00:00,开空,1.063,9407.337,9999.999231,1062.97,10.62,1246.18,12.46,-230.78,-2.31,40987.16,409.87
177,空头出场,2024-02-08 08:00,平空-EMA,0.998,10214.504,9999.999416,-204.17,-2.04,464.87,4.65,-331.86,-3.32,40782.98,407.83
177,空头进场,2024-01-31 16:00,开空,0.979,10214.504,9999.999416,-204.17,-2.04,464.87,4.65,-331.86,-3.32,40782.98,407.83
178,多头出场,2024-03-19 12:00,平多,2.749,9756.097,9999.999425,16801.1,167.93,27263.29,272.50,-190.37,-1.90,57584.09,575.84
178,多头进场,2024-02-09 12:00,开多,1.025,9756.097,9999.999425,16801.1,167.93,27263.29,272.50,-190.37,-1.90,57584.09,575.84
179,多头出场,2024-03-24 08:00,平多,2.743,3286.23,9999.99789,-995.38,-9.95,103.45,1.03,-1191.33,-11.91,56588.71,565.89
179,多头进场,2024-03-21 04:00,开多,3.043,3286.23,9999.99789,-995.38,-9.95,103.45,1.03,-1191.33,-11.91,56588.71,565.89
180,多头出场,2024-03-30 08:00,平多,2.847,3210.272,9999.99728,-869.92,-8.69,409.13,4.09,-884.61,-8.84,55718.79,557.19
180,多头进场,2024-03-25 20:00,开多,3.115,3210.272,9999.99728,-869.92,-8.69,409.13,4.09,-884.61,-8.84,55718.79,557.19
181,多头出场,2024-04-01 16:00,平多,2.866,3271.18,9999.99726,-634.48,-6.34,309.03,3.09,-724.66,-7.24,55084.31,550.84
181,多头进场,2024-04-01 00:00,开多,3.057,3271.18,9999.99726,-634.48,-6.34,309.03,3.09,-724.66,-7.24,55084.31,550.84
182,空头出场,2024-04-08 16:00,平空-EMA,2.834,3716.09,9999.99819,-541.67,-5.41,883.15,8.83,-558.7,-5.58,54542.64,545.43
182,空头进场,2024-04-02 08:00,开空,2.691,3716.09,9999.99819,-541.67,-5.41,883.15,8.83,-558.7,-5.58,54542.64,545.43
183,多头出场,2024-04-10 12:00,平多,2.745,3467.406,9999.998904,-491.73,-4.91,754.36,7.54,-525.11,-5.25,54050.91,540.51
183,多头进场,2024-04-09 00:00,开多,2.884,3467.406,9999.998904,-491.73,-4.91,754.36,7.54,-525.11,-5.25,54050.91,540.51
184,多头出场,2024-04-12 20:00,平多,2.76,3364.737,9999.998364,-722.97,-7.23,432.42,4.32,-826,-8.26,53327.94,533.28
184,多头进场,2024-04-11 00:00,开多,2.972,3364.737,9999.998364,-722.97,-7.23,432.42,4.32,-826,-8.26,53327.94,533.28
185,空头出场,2024-04-14 00:00,平空-止盈,1.963,4166.666,9999.9984,1811.74,18.11,2078.33,20.77,-275.83,-2.76,55139.69,551.40
185,空头进场,2024-04-13 00:00,开空,2.4,4166.666,9999.9984,1811.74,18.11,2078.33,20.77,-275.83,-2.76,55139.69,551.40
186,空头出场,2024-05-05 20:00,平空-EMA,2.257,4460.303,9999.999326,-76.94,-0.77,1645.31,16.44,-1240.5,-12.40,55062.75,550.63
186,空头进场,2024-04-27 16:00,开空,2.242,4460.303,9999.999326,-76.94,-0.77,1645.31,16.44,-1240.5,-12.40,55062.75,550.63
187,空头出场,2024-05-10 08:00,平空-EMA,2.233,4686.035,9999.99869,-474.15,-4.74,210.56,2.10,-548.58,-5.48,54588.6,545.89
187,空头进场,2024-05-08 04:00,开空,2.134,4686.035,9999.99869,-474.15,-4.74,210.56,2.10,-548.58,-5.48,54588.6,545.89
188,空头出场,2024-05-16 08:00,平空-EMA,2.154,4786.979,9999.999131,-321.31,-3.21,866.23,8.66,-359.24,-3.59,54267.29,542.67
188,空头进场,2024-05-11 00:00,开空,2.089,4786.979,9999.999131,-321.31,-3.21,866.23,8.66,-359.24,-3.59,54267.29,542.67
189,多头出场,2024-05-20 00:00,平多,2.142,4450.378,9999.999366,-477.06,-4.77,79.56,0.80,-516.79,-5.17,53790.23,537.90
189,多头进场,2024-05-17 12:00,开多,2.247,4450.378,9999.999366,-477.06,-4.77,79.56,0.80,-516.79,-5.17,53790.23,537.90
190,多头出场,2024-05-27 12:00,平多,2.26,4452.359,9999.998314,52.3,0.52,1433.11,14.32,-298.86,-2.99,53842.54,538.43
190,多头进场,2024-05-20 12:00,开多,2.246,4452.359,9999.998314,52.3,0.52,1433.11,14.32,-298.86,-2.99,53842.54,538.43
191,多头出场,2024-05-28 12:00,平多,2.267,4208.754,9999.999504,-468.52,-4.68,112.85,1.13,-560.56,-5.60,53374.01,533.74
191,多头进场,2024-05-27 20:00,开多,2.376,4208.754,9999.999504,-468.52,-4.68,112.85,1.13,-560.56,-5.60,53374.01,533.74
192,空头出场,2024-06-05 12:00,平空-EMA,2.214,4612.546,9999.999728,-222.28,-2.22,539.28,5.39,-249.46,-2.49,53151.73,531.52
192,空头进场,2024-05-31 08:00,开空,2.168,4612.546,9999.999728,-222.28,-2.22,539.28,5.39,-249.46,-2.49,53151.73,531.52
193,多头出场,2024-06-07 04:00,平多,2.198,4368.719,9999.997791,-407.35,-4.07,130.43,1.30,-437.5,-4.37,52744.38,527.44
193,多头进场,2024-06-06 20:00,开多,2.289,4368.719,9999.997791,-407.35,-4.07,130.43,1.30,-437.5,-4.37,52744.38,527.44
194,空头出场,2024-06-11 16:00,平空-止盈,1.854,4982.561,9999.999927,752.71,7.52,891.86,8.91,-124.58,-1.25,53497.09,534.97
194,空头进场,2024-06-08 00:00,开空,2.007,4982.561,9999.999927,752.71,7.52,891.86,8.91,-124.58,-1.25,53497.09,534.97
195,多头出场,2024-07-18 20:00,平多,1.456,6476.683,9999.998552,-579.66,-5.79,208.73,2.09,-581.42,-5.81,52917.42,529.17
195,多头进场,2024-07-16 04:00,开多,1.544,6476.683,9999.998552,-579.66,-5.79,208.73,2.09,-581.42,-5.81,52917.42,529.17
196,多头出场,2024-07-23 12:00,平多,1.471,6422.607,9999.999099,-562.07,-5.62,727.18,7.27,-660.11,-6.60,52355.36,523.55
196,多头进场,2024-07-19 20:00,开多,1.557,6422.607,9999.999099,-562.07,-5.62,727.18,7.27,-660.11,-6.60,52355.36,523.55
197,空头出场,2024-07-27 00:00,平空-EMA,1.503,7077.14,9999.99882,-647.26,-6.47,532.86,5.33,-719.79,-7.19,51708.09,517.08
197,空头进场,2024-07-25 08:00,开空,1.413,7077.14,9999.99882,-647.26,-6.47,532.86,5.33,-719.79,-7.19,51708.09,517.08
198,空头出场,2024-08-04 20:00,平空-止盈,1.135,7067.137,9999.998855,1969.79,19.69,1980.87,19.80,-202.88,-2.03,53677.88,536.78
198,空头进场,2024-07-31 00:00,开空,1.415,7067.137,9999.998855,1969.79,19.69,1980.87,19.80,-202.88,-2.03,53677.88,536.78
199,多头出场,2024-08-28 04:00,平多,1.251,7968.127,9999.999385,-41.86,-0.42,1596.59,15.96,-212.17,-2.12,53636.02,536.36
199,多头进场,2024-08-22 00:00,开多,1.255,7968.127,9999.999385,-41.86,-0.42,1596.59,15.96,-212.17,-2.12,53636.02,536.36
200,空头出场,2024-09-10 00:00,平空-EMA,1.204,8474.576,9999.99968,-213.49,-2.13,1096.69,10.96,-462.63,-4.62,53422.54,534.23
200,空头进场,2024-08-30 20:00,开空,1.18,8474.576,9999.99968,-213.49,-2.13,1096.69,10.96,-462.63,-4.62,53422.54,534.23
201,多头出场,2024-10-01 20:00,平多,1.365,8064.516,9999.99984,997.56,9.97,2543.39,25.42,-101.77,-1.02,54420.09,544.20
201,多头进场,2024-09-13 16:00,开多,1.24,8064.516,9999.99984,997.56,9.97,2543.39,25.42,-101.77,-1.02,54420.09,544.20
202,空头出场,2024-10-07 08:00,平空-EMA,1.362,7639.419,9999.999471,-415.09,-4.15,934.65,9.34,-509.2,-5.09,54005,540.05
202,空头进场,2024-10-02 00:00,开空,1.309,7639.419,9999.999471,-415.09,-4.15,934.65,9.34,-509.2,-5.09,54005,540.05
203,空头出场,2024-10-12 12:00,平空-EMA,1.318,7782.101,9999.999785,-266.94,-2.67,928.85,9.28,-261.81,-2.62,53738.07,537.38
203,空头进场,2024-10-08 12:00,开空,1.285,7782.101,9999.999785,-266.94,-2.67,928.85,9.28,-261.81,-2.62,53738.07,537.38
204,空头出场,2024-10-14 08:00,平空-EMA,1.322,7917.656,9999.999528,-477.38,-4.77,208.78,2.09,-495.89,-4.96,53260.69,532.61
204,空头进场,2024-10-13 16:00,开空,1.263,7917.656,9999.999528,-477.38,-4.77,208.78,2.09,-495.89,-4.96,53260.69,532.61
205,多头出场,2024-10-16 12:00,平多,1.292,7385.524,9999.999496,-467.67,-4.67,135.32,1.35,-499.83,-5.00,52793.02,527.93
205,多头进场,2024-10-15 04:00,开多,1.354,7385.524,9999.999496,-467.67,-4.67,135.32,1.35,-499.83,-5.00,52793.02,527.93
206,空头出场,2024-10-19 08:00,平空-EMA,1.313,8032.128,9999.99936,-556.46,-5.56,179.74,1.80,-615.44,-6.15,52236.56,522.37
206,空头进场,2024-10-17 16:00,开空,1.245,8032.128,9999.99936,-556.46,-5.56,179.74,1.80,-615.44,-6.15,52236.56,522.37
207,多头出场,2024-10-22 16:00,平多,1.301,7440.476,9999.999744,-329.78,-3.30,404.23,4.04,-473.75,-4.74,51906.78,519.07
207,多头进场,2024-10-20 20:00,开多,1.344,7440.476,9999.999744,-329.78,-3.30,404.23,4.04,-473.75,-4.74,51906.78,519.07
208,空头出场,2024-11-03 08:00,平空-止盈,1.07,7949.125,9999.99925,1485.18,14.84,1632.52,16.32,-291.17,-2.91,53391.96,533.92
208,空头进场,2024-10-23 12:00,开空,1.258,7949.125,9999.99925,1485.18,14.84,1632.52,16.32,-291.17,-2.91,53391.96,533.92
209,多头出场,2024-12-10 04:00,平多,2.483,8064.516,9999.99984,10009.18,100.04,17019.19,170.11,-545.32,-5.45,63401.14,634.01
209,多头进场,2024-11-07 08:00,开多,1.24,8064.516,9999.99984,10009.18,100.04,17019.19,170.11,-545.32,-5.45,63401.14,634.01
210,空头出场,2024-12-11 20:00,平空-EMA,2.636,4496.402,9999.998048,-1863.44,-18.63,345.72,3.46,-1920.47,-19.20,61537.7,615.38
210,空头进场,2024-12-10 20:00,开空,2.224,4496.402,9999.998048,-1863.44,-18.63,345.72,3.46,-1920.47,-19.20,61537.7,615.38
211,多头出场,2024-12-18 12:00,平多,2.539,3681.885,9999.99966,-661.37,-6.61,451.55,4.51,-697.19,-6.97,60876.33,608.76
211,多头进场,2024-12-12 12:00,开多,2.716,3681.885,9999.99966,-661.37,-6.61,451.55,4.51,-697.19,-6.97,60876.33,608.76
212,空头出场,2024-12-20 16:00,平空-止盈,1.752,4308.487,9999.998327,2442.76,24.42,2489.61,24.88,-129.95,-1.30,63319.09,633.19
212,空头进场,2024-12-19 04:00,开空,2.321,4308.487,9999.998327,2442.76,24.42,2489.61,24.88,-129.95,-1.30,63319.09,633.19
213,空头出场,2024-12-29 04:00,平空-EMA,2.395,4448.398,9999.998704,-664.24,-6.64,573.29,5.73,-814.61,-8.14,62654.84,626.55
213,空头进场,2024-12-26 12:00,开空,2.248,4448.398,9999.998704,-664.24,-6.64,573.29,5.73,-814.61,-8.14,62654.84,626.55
214,空头出场,2025-01-02 00:00,平空-EMA,2.341,4578.754,9999.998736,-729.22,-7.29,191.89,1.92,-838.33,-8.38,61925.62,619.26
214,空头进场,2025-01-01 12:00,开空,2.184,4578.754,9999.998736,-729.22,-7.29,191.89,1.92,-838.33,-8.38,61925.62,619.26
215,多头出场,2025-01-07 20:00,平多,2.374,4032.258,9999.99984,-437.21,-4.37,591.77,5.91,-581.61,-5.81,61488.41,614.88
215,多头进场,2025-01-03 16:00,开多,2.48,4032.258,9999.99984,-437.21,-4.37,591.77,5.91,-581.61,-5.81,61488.41,614.88
216,空头出场,2025-01-13 16:00,平空-止盈,1.901,4426.737,9999.998883,1575.56,15.75,1584.2,15.83,-40.41,-0.40,63063.98,630.64
216,空头进场,2025-01-08 08:00,开空,2.259,4426.737,9999.998883,1575.56,15.75,1584.2,15.83,-40.41,-0.40,63063.98,630.64
217,多头出场,2025-01-18 20:00,平多,2.266,4191.114,9999.998004,-512.68,-5.12,615.28,6.15,-528.89,-5.29,62551.3,625.51
217,多头进场,2025-01-16 00:00,开多,2.386,4191.114,9999.998004,-512.68,-5.12,615.28,6.15,-528.89,-5.29,62551.3,625.51
218,空头出场,2025-01-27 12:00,平空-止盈,1.785,4897.159,9999.998678,1249.2,12.49,1449.46,14.49,-817.93,-8.18,63800.5,638.00
218,空头进场,2025-01-19 16:00,开空,2.042,4897.159,9999.998678,1249.2,12.49,1449.46,14.49,-817.93,-8.18,63800.5,638.00
219,多头出场,2025-03-28 08:00,平多,0.97,9784.735,9999.99917,-518.55,-5.18,43.92,0.44,-552.95,-5.53,63281.94,632.82
219,多头进场,2025-03-26 12:00,开多,1.022,9784.735,9999.99917,-518.55,-5.18,43.92,0.44,-552.95,-5.53,63281.94,632.82
220,空头出场,2025-03-30 00:00,平空-止盈,0.829,10928.961,9999.999315,930.36,9.30,1044.18,10.44,-48.72,-0.49,64212.31,642.12
220,空头进场,2025-03-28 12:00,开空,0.915,10928.961,9999.999315,930.36,9.30,1044.18,10.44,-48.72,-0.49,64212.31,642.12
221,多头出场,2025-04-28 04:00,平多,0.709,13054.83,9999.99978,-753.75,-7.53,60.27,0.60,-775.23,-7.75,63458.55,634.59
221,多头进场,2025-04-26 08:00,开多,0.766,13054.83,9999.99978,-753.75,-7.53,60.27,0.60,-775.23,-7.75,63458.55,634.59
222,多头出场,2025-05-03 16:00,平多,0.73,13280.212,9999.999636,-315.29,-3.15,738.69,7.38,-496.37,-4.96,63143.26,631.43
222,多头进场,2025-04-29 04:00,开多,0.753,13280.212,9999.999636,-315.29,-3.15,738.69,7.38,-496.37,-4.96,63143.26,631.43
223,空头出场,2025-05-07 16:00,平空-EMA,0.721,14388.489,9999.999855,-384.29,-3.84,412.27,4.12,-407.88,-4.08,62758.97,627.59
223,空头进场,2025-05-04 16:00,开空,0.695,14388.489,9999.999855,-384.29,-3.84,412.27,4.12,-407.88,-4.08,62758.97,627.59
224,多头出场,2025-05-17 12:00,平多,0.856,12987.012,9999.99924,1106.32,11.06,4072.92,40.71,-30.97,-0.31,63865.3,638.65
224,多头进场,2025-05-08 08:00,开多,0.77,12987.012,9999.99924,1106.32,11.06,4072.92,40.71,-30.97,-0.31,63865.3,638.65
225,多头出场,2025-05-19 00:00,平多,0.856,10917.03,9999.99948,-664.69,-6.64,180.59,1.80,-670.94,-6.71,63200.6,632.01
225,多头进场,2025-05-18 20:00,开多,0.916,10917.03,9999.99948,-664.69,-6.64,180.59,1.80,-670.94,-6.71,63200.6,632.01
226,多头出场,2025-05-19 08:00,平多,0.855,10834.236,9999.999828,-746.36,-7.46,27.5,0.27,-785.06,-7.85,62454.24,624.54
226,多头进场,2025-05-19 04:00,开多,0.923,10834.236,9999.999828,-746.36,-7.46,27.5,0.27,-785.06,-7.85,62454.24,624.54
227,多头出场,2025-05-24 04:00,平多,0.868,10593.22,9999.99968,-814.68,-8.14,641.19,6.41,-873.64,-8.73,61639.56,616.40
227,多头进场,2025-05-22 08:00,开多,0.944,10593.22,9999.99968,-814.68,-8.14,641.19,6.41,-873.64,-8.73,61639.56,616.40
228,空头出场,2025-05-26 12:00,平空-EMA,0.882,12019.23,9999.99936,-611.26,-6.11,151.25,1.51,-654.04,-6.54,61028.3,610.28
228,空头进场,2025-05-25 20:00,开空,0.832,12019.23,9999.99936,-611.26,-6.11,151.25,1.51,-654.04,-6.54,61028.3,610.28
229,空头出场,2025-06-10 04:00,平空-EMA,0.805,12033.694,9999.999714,303.03,3.03,1595.48,15.95,-185.51,-1.85,61331.33,613.31
229,空头进场,2025-05-30 00:00,开空,0.831,12033.694,9999.999714,303.03,3.03,1595.48,15.95,-185.51,-1.85,61331.33,613.31
230,空头出场,2025-06-21 20:00,平空-止盈,0.646,13280.212,9999.999636,1411.69,14.11,1495.66,14.95,-350.29,-3.50,62743.02,627.43
230,空头进场,2025-06-12 16:00,开空,0.753,13280.212,9999.999636,1411.69,14.11,1495.66,14.95,-350.29,-3.50,62743.02,627.43
231,空头出场,2025-07-02 20:00,平空-EMA,0.695,15174.506,9999.999454,-556.56,-5.56,237.79,2.38,-551.28,-5.51,62186.47,621.86
231,空头进场,2025-07-01 16:00,开空,0.659,15174.506,9999.999454,-556.56,-5.56,237.79,2.38,-551.28,-5.51,62186.47,621.86
232,多头出场,2025-07-04 20:00,平多,0.688,13831.258,9999.999534,-493.85,-4.94,119.48,1.19,-530.59,-5.30,61692.62,616.93
232,多头进场,2025-07-03 00:00,开多,0.723,13831.258,9999.999534,-493.85,-4.94,119.48,1.19,-530.59,-5.30,61692.62,616.93
233,多头出场,2025-07-25 08:00,平多,0.839,14005.602,9999.999828,1739.83,17.39,4168.67,41.67,-131.05,-1.31,63432.44,634.32
233,多头进场,2025-07-09 16:00,开多,0.714,14005.602,9999.999828,1739.83,17.39,4168.67,41.67,-131.05,-1.31,63432.44,634.32
234,多头出场,2025-07-29 08:00,平多,0.857,11061.946,9999.999184,-529.65,-5.29,581.28,5.81,-679.78,-6.79,62902.79,629.03
234,多头进场,2025-07-27 00:00,开多,0.904,11061.946,9999.999184,-529.65,-5.29,581.28,5.81,-679.78,-6.79,62902.79,629.03
235,空头出场,2025-08-08 04:00,平空-EMA,0.814,12626.262,9999.999504,-287.92,-2.88,1030.35,10.30,-308.03,-3.08,62614.87,626.15
235,空头进场,2025-08-01 04:00,开空,0.792,12626.262,9999.999504,-287.92,-2.88,1030.35,10.30,-308.03,-3.08,62614.87,626.15
236,多头出场,2025-08-15 00:00,平多,0.835,11695.906,9999.99963,-243.8,-2.44,860.5,8.60,-449.44,-4.49,62371.07,623.71
236,多头进场,2025-08-09 12:00,开多,0.855,11695.906,9999.99963,-243.8,-2.44,860.5,8.60,-449.44,-4.49,62371.07,623.71
237,空头出场,2025-08-23 00:00,平空-EMA,0.85,12468.827,9999.999254,-608.8,-6.08,730.66,7.30,-628.44,-6.28,61762.27,617.62
237,空头进场,2025-08-18 08:00,开空,0.802,12468.827,9999.999254,-608.8,-6.08,730.66,7.30,-628.44,-6.28,61762.27,617.62
238,多头出场,2025-08-25 12:00,平多,0.805,11520.737,9999.999716,-735.44,-7.35,0,0.00,-765.37,-7.65,61026.82,610.27
238,多头进场,2025-08-25 08:00,开多,0.868,11520.737,9999.999716,-735.44,-7.35,0,0.00,-765.37,-7.65,61026.82,610.27
239,空头出场,2025-08-28 20:00,平空-EMA,0.814,12936.61,9999.99953,-540.67,-5.40,318.42,3.18,-755.32,-7.55,60486.16,604.86
239,空头进场,2025-08-26 00:00,开空,0.773,12936.61,9999.99953,-540.67,-5.40,318.42,3.18,-755.32,-7.55,60486.16,604.86
240,空头出场,2025-08-31 08:00,平空-EMA,0.811,12886.597,9999.999272,-461.26,-4.61,175.41,1.75,-520.46,-5.20,60024.9,600.25
240,空头进场,2025-08-30 00:00,开空,0.776,12886.597,9999.999272,-461.26,-4.61,175.41,1.75,-520.46,-5.20,60024.9,600.25
241,空头出场,2025-09-08 08:00,平空-EMA,0.797,12970.168,9999.999528,-347.39,-3.47,332.22,3.32,-523.81,-5.24,59677.51,596.78
241,空头进场,2025-09-01 08:00,开空,0.771,12970.168,9999.999528,-347.39,-3.47,332.22,3.32,-523.81,-5.24,59677.51,596.78
242,多头出场,2025-09-15 16:00,平多,0.812,12210.012,9999.999828,-95.43,-0.95,764.23,7.64,-188.15,-1.88,59582.08,595.82
242,多头进场,2025-09-09 08:00,开多,0.819,12210.012,9999.999828,-95.43,-0.95,764.23,7.64,-188.15,-1.88,59582.08,595.82
243,多头出场,2025-09-20 04:00,平多,0.817,11848.341,9999.999804,-329.75,-3.30,338.6,3.38,-396,-3.96,59252.34,592.52
243,多头进场,2025-09-18 04:00,开多,0.844,11848.341,9999.999804,-329.75,-3.30,338.6,3.38,-396,-3.96,59252.34,592.52
244,空头出场,2025-09-25 20:00,平空-止盈,0.707,12820.512,9999.99936,926.37,9.26,1033.46,10.33,-43.46,-0.43,60178.7,601.79
244,空头进场,2025-09-22 08:00,开空,0.78,12820.512,9999.99936,926.37,9.26,1033.46,10.33,-43.46,-0.43,60178.7,601.79
245,多头出场,2025-10-07 20:00,平多,0.729,12936.61,9999.99953,-578.93,-5.79,176.11,1.76,-613.02,-6.13,59599.77,596.00
245,多头进场,2025-10-06 20:00,开多,0.773,12936.61,9999.99953,-578.93,-5.79,176.11,1.76,-613.02,-6.13,59599.77,596.00
246,空头出场,2025-10-17 12:00,平空-止盈,0.506,14044.943,9999.999416,2884.7,28.83,7186.01,71.82,-510.62,-5.10,62484.48,624.84
246,空头进场,2025-10-09 12:00,开空,0.712,14044.943,9999.999416,2884.7,28.83,7186.01,71.82,-510.62,-5.10,62484.48,624.84
247,空头出场,2025-11-16 20:00,平空-止盈,0.397,21276.595,9999.99965,1543.97,15.43,1590.74,15.90,-643.3,-6.43,64028.45,640.28
247,空头进场,2025-11-09 08:00,开空,0.47,21276.595,9999.99965,1543.97,15.43,1590.74,15.90,-643.3,-6.43,64028.45,640.28